[{"categoryString":"EXTENSION","dateBuilt":"2021-12-20","nonVisible":"true","iconName":"aiwebres/icon.png","methods":[{"deprecated":"false","name":"StopAnimation","description":"Stops an in-progress animation. No operation if an animation is not in progress.","params":[]},{"deprecated":"false","name":"AnimateMoveReversed","description":"Animates in reverse (i.e. with opposite twisting direction) only the previous move from the move sequence. When it has completed, the next one is not automatically started.","params":[]},{"deprecated":"false","name":"AnimateMove","description":"Animates only the next move from the move sequence. When it has completed, the next one is not automatically started.","params":[]},{"deprecated":"false","name":"ApplyMove","description":"Instantly applies the next move on the cube, without animation.","params":[]},{"deprecated":"false","name":"ApplyMoveSequenceReversed","description":"Instantly applies the whole move sequence in reverse, on the cube, without animation.","params":[]},{"deprecated":"false","name":"SetMoveSequence","description":"Sets the move sequence. Note you still have to use one of the blocks starting with animate.","params":[{"name":"sequence","type":"text"}]},{"deprecated":"false","name":"AnimateMoveSequenceReversed","description":"Animates all the moves in the currently set move sequence one move at a time, in reverse (i.e. from end to start with opposite twisting direction).","params":[]},{"deprecated":"false","name":"ApplyMoveSequence","description":"Instantly applies the whole move sequence on the cube, without animation.","params":[]},{"deprecated":"false","name":"GenerateRandomMoves","description":"Generates random move sequence according to numOfMoves param to be used in SetMoveSequence.","params":[{"name":"numOfMoves","type":"number"}],"returnType":"text"},{"deprecated":"false","name":"ResetToInitialState","description":"Resets the cube to solved position. Note : this does not include animation.","params":[]},{"deprecated":"false","name":"RestoreCube","description":"Restores a cube with string representation generated by the save cube block.","params":[{"name":"string","type":"text"}]},{"deprecated":"false","name":"RefreshWithNewProperties","description":"Refreshes the rubiks cube with new properties set.","params":[]},{"deprecated":"false","name":"AnimateMoveSequence","description":"Animates all the moves in the currently set move sequence one move at a time. When a move has completed, the next one is automatically started.","params":[]},{"deprecated":"false","name":"ApplyMoveReversed","description":"Instantly applies the previous move on reverse, on the cube, without animation.","params":[]},{"deprecated":"false","name":"SaveCube","description":"Returns a string representation of this cube that can be restored any time by using restore cube block.","params":[],"returnType":"text"},{"deprecated":"false","name":"IsSolved","description":"Generates random move sequence according to numOfMoves param to be used in SetMoveSequence.","params":[],"returnType":"boolean"},{"deprecated":"false","name":"SetupRubiksCube","description":"Sets up Rubiks cube in a layout with porperties set.","params":[{"name":"layout","type":"component"}]}],"blockProperties":[{"rw":"write-only","deprecated":"false","name":"SetDoubleRotationSpeed","description":"Sets the rotation speed of a double rotation. This property allows to customize the speed of face turns separately from quarter turns.","type":"number"},{"rw":"write-only","deprecated":"false","name":"SetFaceletsBorderColor","description":"Sets border color of the facelets in rubik cube.","type":"number"},{"rw":"write-only","deprecated":"false","name":"SetBackFacesDistance","description":"Sets back faces distance from the cube. Typically, a value smaller than 2 means they won't be visible.","type":"number"},{"rw":"write-only","deprecated":"false","name":"SetSingleRotationSpeed","description":"Sets the rotation speed of a single rotation. This porperty allows to customize the speed of quarter turn separately from face turns.","type":"number"},{"rw":"write-only","deprecated":"false","name":"SetBackgroundColor","description":"Sets background colors of the rubik cube view.","type":"number"},{"rw":"write-only","deprecated":"false","name":"SetEditable","description":"Sets if rubiks cube can be changed by user or not.","type":"boolean"},{"rw":"write-only","deprecated":"false","name":"SetCubeColors","description":"Sets the list of colors given.","type":"list"}],"helpUrl":"","licenseName":"","versionName":"1","type":"com.aktech.rubikscube.RubiksCube","androidMinSdk":7,"version":"1","external":"true","showOnPalette":"true","name":"RubiksCube","helpString":"<p>Extension component for RubiksCube. Created using Rush.<\/p>\n","events":[{"deprecated":"false","name":"CubeSolved","description":"Triggers when the whole cube is solved.","params":[]},{"deprecated":"false","name":"CubeChanged","description":"Triggers when the cube model is changed.","params":[]}],"properties":[]}]